{
    "format_version": "1.10.0",
    "particle_effect": {
        "description": {
            "identifier": "lunar:avatar_air1",
            "basic_render_parameters": {
                "material": "particles_alpha",
                "texture": "textures/particle/particles"
            }
        },
        "curves": {
            "variable.size": {
                "type": "catmull_rom",
                "nodes": [
                    0.0,
                    1.0,
                    1.0,
                    1.18,
                    1.0,
                    0.28,
                    0.0,
                    0.0
                ],
                "input": "variable.particle_age / variable.particle_lifetime",
                "horizontal_range": 1.0
            }
        },
        "components": {
            "minecraft:emitter_local_space": {
                "position": true
            },
            "minecraft:emitter_rate_steady": {
                "spawn_rate": 1500.0,
                "max_particles": 2000.0
            },
            "minecraft:particle_lifetime_expression": {
                "max_lifetime": "math.random(0.7, 1.5)"
            },
            "minecraft:particle_initial_speed": 0.0,
            "minecraft:particle_motion_parametric": {
                "relative_position": [
                    "math.cos((variable.particle_age + variable.particle_random_2 * 2.0) * 180.0) * math.hermite_blend(variable.particle_age / variable.particle_lifetime) * 2.0",
                    "math.sin((variable.particle_age + variable.particle_random_2 * 2.0) * 180.0) * math.hermite_blend(variable.particle_age / variable.particle_lifetime) * 2.0",
                    "math.hermite_blend(math.pow(variable.particle_age / variable.particle_lifetime, 0.55)) * 4.0"
                ]
            },
            "minecraft:particle_appearance_billboard": {
                "size": [
                    "(0.04 + variable.particle_random_3 / 5.0) * variable.size",
                    "(0.04 + variable.particle_random_3 / 5.0) * variable.size"
                ],
                "facing_camera_mode": "rotate_xyz",
                "uv": {
                    "texture_width": 128,
                    "texture_height": 128,
                    "uv_size": [
                        8.0,
                        8.0
                    ],
                    "flipbook": {
                        "size_UV": [
                            8.0,
                            8.0
                        ],
                        "step_UV": [
                            8.0,
                            0.0
                        ],
                        "max_frame": 8.0,
                        "stretch_to_lifetime": true
                    }
                }
            },
            "blockbuster:particle_collision_appearance": {
                "enabled": 0.0,
                "lit": false,
                "material": "particles_opaque",
                "size": [
                    0.0,
                    0.0
                ],
                "facing_camera_mode": "lookat_xyz",
                "uv": {
                    "texture_width": 128,
                    "texture_height": 128
                }
            },
            "blockbuster:particle_collision_tinting": {
                "enabled": 0.0
            },
            "minecraft:emitter_shape_point": {
                "offset": [
                    0.0,
                    0.0,
                    0.0
                ],
                "direction": [
                    0.0,
                    0.0,
                    1.0
                ],
                "surface_only": true
            },
            "minecraft:emitter_lifetime_once": {
                "active_time": 0.25
            },
            "minecraft:particle_appearance_tinting": {
                "color": [
                    "math.clamp(variable.particle_random_4 * 0.3 + 0.7, 0.0, 1.0)",
                    "math.clamp(variable.particle_random_4 * 0.3 + 0.7, 0.0, 1.0)",
                    "math.clamp(variable.particle_random_4 * 0.3 + 0.7, 0.0, 1.0)",
                    1.0
                ]
            },
            "minecraft:particle_motion_collision": {
                "enabled": 0.0
            },
            "minecraft:particle_appearance_lighting": {}
        }
    }
}