{
  "hub": [
    {
      "x": 138,
      "y": 66,
      "z": 129
    },
    {
      "x": 169,
      "y": 60,
      "z": 129
    },
    {
      "x": 147,
      "y": 53,
      "z": 88
    },
    {
      "x": 162,
      "y": 46,
      "z": 69
    },
    {
      "x": 176,
      "y": 64,
      "z": 42
    },
    {
      "x": 155,
      "y": 62,
      "z": 28
    },
    {
      "x": 110,
      "y": 67,
      "z": 58
    },
    {
      "x": 87,
      "y": 77,
      "z": 43
    },
    {
      "x": 86,
      "y": 89,
      "z": 66
    },
    {
      "x": 96,
      "y": 106,
      "z": 121
    },
    {
      "x": 113,
      "y": 102,
      "z": 106
    },
    {
      "x": 148,
      "y": 112,
      "z": 88
    },
    {
      "x": 149,
      "y": 116,
      "z": 115
    },
    {
      "x": 111,
      "y": 120,
      "z": 127
    },
    {
      "x": 132,
      "y": 144,
      "z": 114
    },
    {
      "x": 57,
      "y": 90,
      "z": 79
    },
    {
      "x": 48,
      "y": 78,
      "z": 81
    },
    {
      "x": 43,
      "y": 120,
      "z": 70
    },
    {
      "x": 49,
      "y": 121,
      "z": 69
    },
    {
      "x": 40,
      "y": 108,
      "z": 78
    },
    {
      "x": 82,
      "y": 61,
      "z": 196
    },
    {
      "x": -133,
      "y": 74,
      "z": 133
    },
    {
      "x": -152,
      "y": 67,
      "z": 123
    },
    {
      "x": -166,
      "y": 79,
      "z": 93
    },
    {
      "x": -183,
      "y": 80,
      "z": 29
    },
    {
      "x": -233,
      "y": 86,
      "z": 84
    },
    {
      "x": -229,
      "y": 123,
      "z": 84
    },
    {
      "x": -259,
      "y": 114,
      "z": 85
    },
    {
      "x": -262,
      "y": 102,
      "z": 67
    },
    {
      "x": -260,
      "y": 96,
      "z": 48
    },
    {
      "x": -252,
      "y": 132,
      "z": 51
    },
    {
      "x": -207,
      "y": 100,
      "z": 66
    },
    {
      "x": -214,
      "y": 103,
      "z": 89
    },
    {
      "x": -191,
      "y": 102,
      "z": 109
    },
    {
      "x": -261,
      "y": 56,
      "z": 115
    },
    {
      "x": -248,
      "y": 74,
      "z": 125
    },
    {
      "x": -245,
      "y": 75,
      "z": 149
    },
    {
      "x": -195,
      "y": 55,
      "z": 153
    },
    {
      "x": -142,
      "y": 77,
      "z": -31
    },
    {
      "x": -225,
      "y": 72,
      "z": -21
    },
    {
      "x": -208,
      "y": 70,
      "z": -80
    },
    {
      "x": -187,
      "y": 92,
      "z": -104
    },
    {
      "x": -94,
      "y": 72,
      "z": -129
    },
    {
      "x": -81,
      "y": 70,
      "z": -88
    },
    {
      "x": -49,
      "y": 90,
      "z": -72
    },
    {
      "x": -24,
      "y": 88,
      "z": -63
    },
    {
      "x": -20,
      "y": 90,
      "z": -12
    },
    {
      "x": -50,
      "y": 132,
      "z": 32
    },
    {
      "x": -56,
      "y": 115,
      "z": 28
    },
    {
      "x": -60,
      "y": 108,
      "z": 3
    },
    {
      "x": 43,
      "y": 152,
      "z": 73
    },
    {
      "x": 22,
      "y": 132,
      "z": 25
    },
    {
      "x": -52,
      "y": 161,
      "z": 43
    },
    {
      "x": -39,
      "y": 191,
      "z": 34
    },
    {
      "x": -3,
      "y": 193,
      "z": 32
    },
    {
      "x": 2,
      "y": 181,
      "z": 31
    },
    {
      "x": 10,
      "y": 179,
      "z": 22
    },
    {
      "x": 9,
      "y": 75,
      "z": 13
    },
    {
      "x": -32,
      "y": 71,
      "z": 21
    },
    {
      "x": -48,
      "y": 76,
      "z": 49
    },
    {
      "x": 26,
      "y": 80,
      "z": -65
    },
    {
      "x": 40,
      "y": 68,
      "z": -65
    },
    {
      "x": 44,
      "y": 68,
      "z": -34
    },
    {
      "x": 168,
      "y": 60,
      "z": -36
    },
    {
      "x": 154,
      "y": 98,
      "z": -71
    },
    {
      "x": 180,
      "y": 63,
      "z": -15
    },
    {
      "x": -53,
      "y": 70,
      "z": -100
    },
    {
      "x": -16,
      "y": 66,
      "z": -110
    },
    {
      "x": -34,
      "y": 67,
      "z": -150
    },
    {
      "x": -21,
      "y": 79,
      "z": -166
    },
    {
      "x": -6,
      "y": 66,
      "z": -179
    },
    {
      "x": -92,
      "y": 59,
      "z": -138
    },
    {
      "x": -33,
      "y": 76,
      "z": -213
    },
    {
      "x": 34,
      "y": 72,
      "z": -162
    },
    {
      "x": 72,
      "y": 71,
      "z": -190
    },
    {
      "x": 70,
      "y": 90,
      "z": -149
    },
    {
      "x": 104,
      "y": 77,
      "z": -133
    },
    {
      "x": 72,
      "y": 70,
      "z": -99
    },
    {
      "x": 23,
      "y": 79,
      "z": -134
    }
  ],
  "combat_1": [
    {
      "x": -279,
      "y": 127,
      "z": -177
    },
    {
      "x": -185,
      "y": 135,
      "z": -290
    },
    {
      "x": -147,
      "y": 78,
      "z": -299
    },
    {
      "x": -169,
      "y": 62,
      "z": -289
    },
    {
      "x": -297,
      "y": 90,
      "z": -169
    },
    {
      "x": -309,
      "y": 63,
      "z": -185
    },
    {
      "x": -309,
      "y": 66,
      "z": -245
    },
    {
      "x": -203,
      "y": 169,
      "z": -320
    },
    {
      "x": -222,
      "y": 74,
      "z": -361
    },
    {
      "x": -140,
      "y": 85,
      "z": -335
    },
    {
      "x": -198,
      "y": 160,
      "z": -331
    },
    {
      "x": -160,
      "y": 62,
      "z": -275
    },
    {
      "x": -301,
      "y": 92,
      "z": -171
    },
    {
      "x": -294,
      "y": 36,
      "z": -274
    },
    {
      "x": -204,
      "y": 94,
      "z": -241
    },
    {
      "x": -336,
      "y": 82,
      "z": -153
    },
    {
      "x": -422,
      "y": 106,
      "z": -206
    },
    {
      "x": -322,
      "y": 95,
      "z": -281
    },
    {
      "x": -336,
      "y": 111,
      "z": -253
    }
  ],
  "combat_2": [
    {
      "x": -314,
      "y": 96,
      "z": -402
    },
    {
      "x": -309,
      "y": 146,
      "z": -427
    },
    {
      "x": -373,
      "y": 136,
      "z": -398
    },
    {
      "x": -336,
      "y": 91,
      "z": -447
    },
    {
      "x": -323,
      "y": 139,
      "z": -443
    },
    {
      "x": -389,
      "y": 105,
      "z": -462
    },
    {
      "x": -379,
      "y": 119,
      "z": -478
    },
    {
      "x": -216,
      "y": 62,
      "z": -481
    },
    {
      "x": -320,
      "y": 77,
      "z": -503
    },
    {
      "x": -300,
      "y": 75,
      "z": -545
    },
    {
      "x": -431,
      "y": 79,
      "z": -564
    },
    {
      "x": -433,
      "y": 208,
      "z": -579
    },
    {
      "x": -236,
      "y": 84,
      "z": -592
    },
    {
      "x": -313,
      "y": 39,
      "z": -677
    },
    {
      "x": -374,
      "y": 172,
      "z": -683
    },
    {
      "x": -306,
      "y": 107,
      "z": -691
    },
    {
      "x": -347,
      "y": 133,
      "z": -694
    },
    {
      "x": -181,
      "y": 90,
      "z": -608
    },
    {
      "x": -317,
      "y": 203,
      "z": -739
    }
  ],
  "combat_3": [
    {
      "x": -517,
      "y": 100,
      "z": -295
    },
    {
      "x": -583,
      "y": 208,
      "z": -272
    },
    {
      "x": -696,
      "y": 116,
      "z": -256
    },
    {
      "x": -587,
      "y": 122,
      "z": -276
    },
    {
      "x": -587,
      "y": 48,
      "z": -293
    },
    {
      "x": -492,
      "y": 21,
      "z": -175
    },
    {
      "x": -492,
      "y": 81,
      "z": -275
    },
    {
      "x": -545,
      "y": 92,
      "z": -257
    },
    {
      "x": -748,
      "y": 106,
      "z": -284
    },
    {
      "x": -723,
      "y": 75,
      "z": -222
    },
    {
      "x": -609,
      "y": 84,
      "z": -230
    },
    {
      "x": -657,
      "y": 36,
      "z": -201
    }
  ],
  "foraging_1": [
    {
      "x": -294,
      "y": 85,
      "z": 31
    },
    {
      "x": -315,
      "y": 89,
      "z": -72
    },
    {
      "x": -390,
      "y": 61,
      "z": -6
    },
    {
      "x": -357,
      "y": 99,
      "z": 79
    },
    {
      "x": -386,
      "y": 108,
      "z": -69
    },
    {
      "x": -404,
      "y": 136,
      "z": 6
    },
    {
      "x": -454,
      "y": 120,
      "z": -58
    },
    {
      "x": -408,
      "y": 122,
      "z": -92
    },
    {
      "x": -450,
      "y": 113,
      "z": -87
    },
    {
      "x": -370,
      "y": 112,
      "z": -118
    },
    {
      "x": -471,
      "y": 132,
      "z": -125
    }
  ],
  "farming_1": [
    {
      "x": 138,
      "y": 72,
      "z": -587
    },
    {
      "x": 150,
      "y": 60,
      "z": -448
    },
    {
      "x": 155,
      "y": 23,
      "z": -204
    },
    {
      "x": 273,
      "y": 141,
      "z": -467
    },
    {
      "x": 111,
      "y": 63,
      "z": -447
    },
    {
      "x": 126,
      "y": 91,
      "z": -304
    },
    {
      "x": 193,
      "y": 66,
      "z": -468
    },
    {
      "x": 279,
      "y": 112,
      "z": -541
    },
    {
      "x": 387,
      "y": 78,
      "z": -365
    },
    {
      "x": 254,
      "y": 70,
      "z": -493
    },
    {
      "x": 271,
      "y": 56,
      "z": -361
    },
    {
      "x": 145,
      "y": 77,
      "z": -374
    },
    {
      "x": 182,
      "y": 99,
      "z": -235
    },
    {
      "x": 152,
      "y": 67,
      "z": -361
    },
    {
      "x": 263,
      "y": 177,
      "z": -565
    },
    {
      "x": 183,
      "y": 99,
      "z": -305
    },
    {
      "x": 96,
      "y": 96,
      "z": -287
    },
    {
      "x": 99,
      "y": 112,
      "z": -275
    },
    {
      "x": 261,
      "y": 133,
      "z": -348
    },
    {
      "x": 143,
      "y": 90,
      "z": -243
    }
  ],
  "mining_1": [
    {
      "x": -47,
      "y": 75,
      "z": -298
    },
    {
      "x": -62,
      "y": 104,
      "z": -289
    },
    {
      "x": -37,
      "y": 78,
      "z": -308
    },
    {
      "x": 17,
      "y": 86,
      "z": -312
    },
    {
      "x": 21,
      "y": 36,
      "z": -320
    },
    {
      "x": -44,
      "y": 100,
      "z": -344
    },
    {
      "x": -26,
      "y": 94,
      "z": -340
    },
    {
      "x": -1,
      "y": 80,
      "z": -337
    },
    {
      "x": 19,
      "y": 57,
      "z": -341
    },
    {
      "x": -19,
      "y": 142,
      "z": -364
    },
    {
      "x": -23,
      "y": 113,
      "z": -353
    },
    {
      "x": -11,
      "y": 76,
      "z": -395
    }
  ],
  "mining_2": [
    {
      "x": 3,
      "y": 152,
      "z": 85
    },
    {
      "x": 18,
      "y": 74,
      "z": 74
    },
    {
      "x": -21,
      "y": 25,
      "z": 72
    },
    {
      "x": 3,
      "y": 182,
      "z": 50
    },
    {
      "x": 0,
      "y": 65,
      "z": 57
    },
    {
      "x": 3,
      "y": 14,
      "z": 51
    },
    {
      "x": 9,
      "y": 170,
      "z": 44
    },
    {
      "x": -60,
      "y": 37,
      "z": 52
    },
    {
      "x": -35,
      "y": 127,
      "z": 28
    },
    {
      "x": -18,
      "y": 163,
      "z": 26
    },
    {
      "x": 44,
      "y": 98,
      "z": 23
    },
    {
      "x": 57,
      "y": 161,
      "z": 19
    },
    {
      "x": 29,
      "y": 149,
      "z": 14
    },
    {
      "x": -2,
      "y": 255,
      "z": -1
    },
    {
      "x": -40,
      "y": 72,
      "z": 0
    },
    {
      "x": -11,
      "y": 102,
      "z": -16
    },
    {
      "x": -71,
      "y": 13,
      "z": 5
    },
    {
      "x": -76,
      "y": 13,
      "z": 24
    },
    {
      "x": -8,
      "y": 74,
      "z": -44
    },
    {
      "x": 71,
      "y": 167,
      "z": -12
    },
    {
      "x": 22,
      "y": 156,
      "z": -42
    }
  ],
  "mining_3": [
    {
      "x": -9,
      "y": 230,
      "z": -135
    },
    {
      "x": -21,
      "y": 208,
      "z": -59
    },
    {
      "x": -139,
      "y": 220,
      "z": -89
    },
    {
      "x": 155,
      "y": 189,
      "z": 123
    },
    {
      "x": 133,
      "y": 104,
      "z": 104
    },
    {
      "x": -53,
      "y": 205,
      "z": 50
    },
    {
      "x": 34,
      "y": 102,
      "z": 86
    },
    {
      "x": -204,
      "y": 131,
      "z": 199
    },
    {
      "x": 22,
      "y": 127,
      "z": 184
    },
    {
      "x": -110,
      "y": 142,
      "z": 143
    },
    {
      "x": -116,
      "y": 142,
      "z": 154
    }
  ],
  "winter": [
    {
      "x": -95,
      "y": 77,
      "z": 20
    },
    {
      "x": -44,
      "y": 87,
      "z": 76
    },
    {
      "x": -7,
      "y": 108,
      "z": 107
    },
    {
      "x": 56,
      "y": 108,
      "z": 64
    },
    {
      "x": 74,
      "y": 109,
      "z": -18
    }
  ],
  "dungeon_hub": [
    {
      "x": 17,
      "y": 124,
      "z": -58
    },
    {
      "x": 1,
      "y": 134,
      "z": 75
    },
    {
      "x": 10,
      "y": 164,
      "z": -10
    },
    {
      "x": -139,
      "y": 46,
      "z": -1
    },
    {
      "x": -55,
      "y": 82,
      "z": -10
    },
    {
      "x": -4,
      "y": 21,
      "z": -17
    },
    {
      "x": 14,
      "y": 60,
      "z": 99
    }
  ]
}