{
	"party|p": {
		"accept|invite": {
			"__values__": ["%PLAYERS%"]
		},
		"promote|demote|transfer|kick": {
			"__values__": ["%PARTY%"]
		},
		"__values__": ["help", "list", "leave", "warp", "disband", "kickoffline", "chat", "mute", "private", "%PLAYERS%"]	
	},
	"ignore": {
		"add|remove": {
			"__values__": ["%PLAYERS%"]
		},
		"__values__": ["help", "list"]
	},
	"l|lobby": {
		"__values__": ["lobby", "bedwars", "skywars", "duels", "prototype", "uhc", "mm"]
	},
	"play": {
		"__values__": [
			"skyblock", "pit",
			"solo_normal", "solo_insane", "teams_normal", "teams_insane", "ranked_normal", "mega_normal", "mega_doubles",
			"bedwars_eight_one", "bedwars_eight_two", "bedwars_four_three", "bedwars_four_four", "bedwars_practice",
			"duels_bow_duel", "duels_mw_duel", "duels_uhc_four", "duels_sw_doubles", "duels_uhc_doubles", "duels_uhc_duel", "duels_op_doubles", "duels_mw_doubles", "duels_classic_duel", "duels_potion_duel", "duels_combo_duel", "duels_dw_duel", "duels_blitz_duel", "duels_bowspleef_duel", "duels_sumo_duel", "duels_bridge_duel", "duels_bridge_doubles", "duels_bridge_four", "duels_bridge_2v2v2v2", "duels_bridge_3v3v3v3"
		]
	},
	"chat": {
		"__values__": ["all", "party", "guild", "officer", "skyblock-coop"]
	},
	"duel": {
		"__values__": ["modes", "%PLAYERS%"],
		"accept": {
			"__values__": "%PLAYERS%"
		}
	},
	"friend|f": {
		"__values__": ["help", "list", "notifications", "removeall", "requests", "toggle"],
		"accept|add|deny|remove": {
			"__values__": ["%PLAYERS%"]
		}
	},
	"stream": {
		"__values__": ["open", "close", "empty"]
	},
	"msg|tell": {
		"__values__": ["%PLAYERS%"]
	},
	"nick": {
		"__values__": ["reset", "reuse"]
	},
	"g|guild": {
		"__values__": ["accept", "chat", "create", "demote", "disband", "discord", "help", "history", "info", "join", "leave", "log", "member", "members", "menu", "motd", "mypermissions", "notifications", "officerchat", "online", "onlinemode", "party", "permissions", "promote", "quest", "rename", "setrank", "settings", "slow", "tag", "tagcolor", "toggle", "top", "transfer"],
		"mute|unmute": {
			"__values__": ["everyone"]
		}
	}
}
