{
  "targets": [
    "swap",
    "swap2"
  ],
  "passes": [
    {
      "name": "menu_blur_core",
      "intarget": "minecraft:main",
      "outtarget": "swap",
      "uniforms": [
        {
          "name": "BlurDir",
          "values": [ 1.0, 0.0 ]
        },
        {
          "name": "Radius",
          "values": [ 12.0 ]
        }
      ]
    },
    {
      "name": "menu_blur_core",
      "intarget": "swap",
      "outtarget": "minecraft:main",
      "uniforms": [
        {
          "name": "BlurDir",
          "values": [ 0.0, 1.0 ]
        },
        {
          "name": "Radius",
          "values": [ 12.0 ]
        }
      ]
    },
    {
      "name": "menu_blur_core",
      "intarget": "minecraft:main",
      "outtarget": "swap",
      "uniforms": [
        {
          "name": "BlurDir",
          "values": [ 1.0, 0.0 ]
        },
        {
          "name": "Radius",
          "values": [ 12.0 ]
        }
      ]
    },
    {
      "name": "blit",
      "intarget": "swap",
      "outtarget": "minecraft:main",
      "uniforms": [
        {
          "name": "ColorModulate",
          "values": [ 1.0, 1.0, 1.0, 1.0 ]
        }
      ]
    }
  ]
}
