{
    "format_version": "1.10.0",
    "particle_effect": {
        "description": {
            "identifier": "lunar:avatar_fire3",
            "basic_render_parameters": {
                "material": "particles_alpha",
                "texture": "textures/particle/particles"
            }
        },
        "curves": {
            "variable.size": {
                "type": "catmull_rom",
                "nodes": [
                    1.0,
                    1.0,
                    1.0,
                    0.57,
                    0.08,
                    0.0,
                    0.0
                ],
                "input": "variable.particle_age / variable.particle_lifetime",
                "horizontal_range": 1.0
            }
        },
        "components": {
            "minecraft:particle_lifetime_expression": {
                "max_lifetime": "math.random(0.5, 1.25)"
            },
            "minecraft:particle_initial_spin": {
                "rotation_rate": "math.random(-100.0, 100.0)"
            },
            "minecraft:particle_initial_speed": "12.0",
            "minecraft:particle_motion_dynamic": {
                "linear_acceleration": [
                    0.0,
                    0.0,
                    15.0
                ],
                "linear_drag_coefficient": 2.0
            },
            "minecraft:particle_appearance_billboard": {
                "size": [
                    "(0.04 + variable.particle_random_3 / 3.0) * variable.size",
                    "(0.04 + variable.particle_random_3 / 3.0) * variable.size"
                ],
                "facing_camera_mode": "rotate_xyz",
                "uv": {
                    "texture_width": 128,
                    "texture_height": 128,
                    "uv": [
                        "variable.particle_random_4 \u003c 0.5 ? 0.0 : 8.0",
                        24.0
                    ],
                    "uv_size": [
                        8.0,
                        8.0
                    ],
                    "flipbook": {
                        "base_UV": [
                            "variable.particle_random_4 \u003c 0.5 ? 0.0 : 8.0",
                            24.0
                        ],
                        "size_UV": [
                            8.0,
                            8.0
                        ],
                        "step_UV": [
                            8.0,
                            0.0
                        ],
                        "max_frame": 8.0
                    }
                }
            },
            "minecraft:particle_appearance_tinting": {
                "color": [
                    "math.clamp(variable.particle_random_4 * 0.3 + 0.7, 0.0, 1.0)",
                    "math.clamp(variable.particle_random_4 * 0.3 + 0.7, 0.0, 1.0)",
                    "math.clamp(variable.particle_random_4 * 0.3 + 0.7, 0.0, 1.0)",
                    1.0
                ]
            },
            "blockbuster:particle_collision_appearance": {
                "enabled": 0.0,
                "lit": false,
                "material": "particles_opaque",
                "size": [
                    0.0,
                    0.0
                ],
                "facing_camera_mode": "lookat_xyz",
                "uv": {
                    "texture_width": 128,
                    "texture_height": 128
                }
            },
            "blockbuster:particle_collision_tinting": {
                "enabled": 0.0
            },
            "minecraft:particle_motion_collision": {
                "collision_radius": 0.1
            },
            "minecraft:emitter_local_space": {
                "position": true
            },
            "minecraft:emitter_rate_steady": {
                "spawn_rate": 1000.0,
                "max_particles": 2000.0
            },
            "minecraft:emitter_shape_disc": {
                "offset": [
                    0.0,
                    0.1,
                    0.0
                ],
                "direction": [
                    "variable.particle_random_1 - 0.5",
                    "variable.particle_random_2 - 0.5",
                    -1.5
                ],
                "surface_only": true,
                "radius": 0.1,
                "plane_normal": [
                    1.0,
                    0.0,
                    0.0
                ]
            },
            "minecraft:emitter_lifetime_looping": {
                "active_time": 0.5,
                "sleep_time": 2.0
            }
        }
    }
}