{
  "temple": 106,
  "aquarium": 110,
  "treenan": 121,
  "eastwood": 100,
  "invasion": 115,
  "jurassic": 94,
  "stonekeep": 75,
  "lectus": 90,
  "swashbuckle": 85,
  "sandcastle": 102,
  "archway": 86,
  "ashore": 121,
  "chained": 90,
  "capture": 121,
  "obelisk": 114,
  "unturned": 92,
  "carapace": 94,
  "gingerbread": 106,
  "catalyst": 101,
  "hanging_gardens": 107,
  "pharoah": 107,
  "ruins": 91,
  "lions_temple": 103,
  "picnic": 121,
  "frost": 121,
  "cryptic": 104,
  "gardens": 101,
  "coastal": 86,
  "horizon": 100,
  "katsu": 96,
  "hollow": 88,
  "lighthouse": 110,
  "solace": 100,
  "airshow": 100,
  "speedway": 90,
  "glacier": 105,
  "waterfall": 121,
  "zarzul": 141,
  "orchestra": 106,
  "pernicious": 90,
  "rooftop": 121,
  "dragonstar": 100,
  "amazon": 93,
  "crogorm": 123,
  "ashfire": 120,
  "playground": 100,
  "babylon": 107,
  "crypt": 95,
  "biohazard": 95,
  "lotus": 121,
  "sky_rise": 102,
  "steampunk": 99,
  "acropolis": 100,
  "gateway": 128,
  "siege": 108,
  "lightstone": 112,
  "orbit": 96,
  "rise": 96,
  "fort_doon": 139,
  "fang_outpost": 99,
  "toro": 92,
  "inca": 95,
  "cliffside": 100,
  "rooted": 95,
  "bio-hazard": 95,
  "apollo": 97,
  "relic": 90,
  "extinction": 95,
  "sky_festival": 94,
  "graveship": 122,
  "cascade": 87,
  "enchanted": 100,
  "easter_garden": 98,
  "egg_run": 98,
  "boletum": 121,
  "holmgang": 97,
  "planet_98": 105,
  "dreamgrove": 115,
  "shark_attack": 94,
  "boardwalk": 92,
  "meso": 95
}