{
	"avatar_air": {
		"title": "Air",
		"description": "Avatar: Air bending",
		"morphs": [
			{
			    "morph": "{Scheme:\"avatar_air1\",Name:\"snowstorm\"}",
			    "bone": "anchor",
			    "start": 30,
			    "length": 15,
			    "target": true,
			    "fade_in": 0,
			    "fade_out": 0,
			    "translate": [0.0, 0.5, 0.25],
			    "rotation": [-90.0, 0.0, 0.0]
			},
			{
			    "morph": "{Scheme:\"avatar_air2\",Name:\"snowstorm\"}",
			    "bone": "low_right_arm.end",
			    "start": 14,
			    "length": 18,
			    "target": true,
			    "fade_in": 0,
			    "fade_out": 0
			},
			{
			    "morph": "{Scheme:\"avatar_air2\",Name:\"snowstorm\"}",
			    "bone": "low_left_arm.end",
			    "start": 14,
			    "length": 18,
			    "target": true,
			    "fade_in": 0,
			    "fade_out": 0
			},
			{
			    "morph": "{Scheme:\"avatar_air3\",Name:\"snowstorm\"}",
			    "bone": "body",
			    "start": 4,
			    "length": 8,
			    "target": true,
			    "fade_in": 0,
			    "fade_out": 0
			}
		]
	},
	"avatar_earth": {
		"title": "Earth",
		"description": "Avatar: Earth bending",
		"morphs": [
			{
			    "morph": "{Meta:0b,Block:\"minecraft:grass\",Name:\"block\"}",
			    "bone": "misc_bone_1",
			    "start": 0,
			    "length": 58,
			    "target": false,
			    "fade_in": 0,
			    "fade_out": 0,
			    "translate": [0.0, -0.25, 0.0]
			},
			{
			    "morph": "{Scheme:\"avatar_earth3\",Name:\"snowstorm\"}",
			    "bone": "misc_bone_1",
			    "start": 31,
			    "length": 20,
			    "target": true,
			    "fade_in": 0,
			    "fade_out": 0,
			    "translate": [0.0, 0.25, 0.0],
			    "rotation": [-90, 0, 0]
			},
			{
			    "morph": "{Scheme:\"avatar_earth1\",Name:\"snowstorm\"}",
			    "bone": "anchor",
			    "start": 18,
			    "length": 3,
			    "target": true,
			    "fade_in": 0,
			    "fade_out": 0,
			    "translate": [0.0, 2.25, -0.75]
			},
			{
			    "morph": "{Meta:0b,Block:\"minecraft:dirt\",Name:\"block\"}",
			    "bone": "low_leg_right",
			    "start": 17,
			    "length": 10,
			    "target": false,
			    "fade_in": 1,
			    "fade_out": 1,
			    "translate": [0.0, 0.229, 0.0],
			    "scale": [0.4, 0.4, 0.4]
			},
			{
			    "morph": "{Scheme:\"avatar_earth2\",Name:\"snowstorm\"}",
			    "bone": "low_leg_right",
			    "start": 17,
			    "length": 3,
			    "target": true,
			    "fade_in": 1,
			    "fade_out": 1,
			    "translate": [0.0, 0.5, 0.0],
			    "scale": [0.4, 0.4, 0.4]
			}
		]
	},
	"avatar_fire": {
		"title": "Fire",
		"description": "Avatar: Fire bending",
		"morphs": [
			{
			    "morph": "{Scheme:\"avatar_fire1\",Name:\"snowstorm\"}",
			    "bone": "low_leg_right",
			    "start": 35,
			    "length": 10,
			    "target": true,
			    "fade_in": 0,
			    "fade_out": 0,
			    "rotation": [180, 0, 0],
			    "translate": [0, 0.35, 0]
			},
			{
			    "morph": "{Scheme:\"avatar_fire2\",Name:\"snowstorm\"}",
			    "bone": "anchor",
			    "start": 25,
			    "length": 5,
			    "target": true,
			    "fade_in": 0,
			    "fade_out": 0,
			    "rotation": [90, 0, 0],
			    "translate": [0, 0, -0.5]
			},
			{
			    "morph": "{Scheme:\"avatar_fire3\",Name:\"snowstorm\"}",
			    "bone": "anchor",
			    "start": 45,
			    "length": 20,
			    "target": true,
			    "fade_in": 0,
			    "fade_out": 0,
			    "rotation": [90, 0, 0],
			    "translate": [0, 1.9, -0.65]
			}
		]
	},
	"avatar_water": {
		"title": "Water",
		"description": "Avatar: Water bending",
		"morphs": [
			{
			    "morph": "{Scheme:\"avatar_water\",Name:\"snowstorm\"}",
			    "bone": "misc_bone_1",
			    "start": 0,
			    "length": 58,
			    "target": true,
			    "fade_in": 5,
			    "fade_out": 5
			}
		]
	}
}