{
  "anchorPoints": {
    "8": 1,
    "19": 4,
    "20": 4,
    "23": 4,
    "24": 4,
    "25": 4,
    "21": 4,
    "22": 4,
    "5": 4,
    "26": 4,
    "29": 0,
    "28": 1,
    "54": 4,
    "55": 4,
    "57": 3,
    "65": 0,
    "66": 1,
    "67": 4,
    "68": 0,
    "77": 1,
    "78": 1,
    "79": 1,
    "81": 1,
    "82": 1,
    "84": 1,
    "93": 2,
    "99": 0,
    "111": 1,
    "112": 3,
    "116": 1,
    "117": 1,
    "118": 0,
    "125": 0,
    "136": 1,
    "138": 0,
    "139": 0,
    "142": 3,
    "143": 4,
    "155": 0,
    "160": 4,
    "173": 4,
    "178": 1,
    "186": 1,
    "191": 4,
    "197": 4,
    "199": 4
  },
  "barSizes": {
    "19": [
      1,
      1
    ],
    "21": [
      1,
      1
    ],
    "143": [
      1,
      1
    ],
    "160": [
      1,
      1
    ]
  },
  "coordinates": {
    "5": [
      158.0,
      -11.0
    ],
    "8": [
      -30.0,
      11.0
    ],
    "19": [
      49.0,
      -44.0
    ],
    "20": [
      49.0,
      -47.0
    ],
    "21": [
      -48.0,
      -44.0
    ],
    "22": [
      -66.0,
      -46.0
    ],
    "23": [
      114.0,
      -18.0
    ],
    "24": [
      114.0,
      -17.0
    ],
    "25": [
      114.0,
      -8.0
    ],
    "26": [
      -19.0,
      -44.0
    ],
    "28": [
      -26.0,
      28.0
    ],
    "29": [
      84.5,
      17.0
    ],
    "54": [
      0.0,
      -66.0
    ],
    "55": [
      -110.0,
      -11.0
    ],
    "57": [
      -93.0,
      -31.333344
    ],
    "65": [
      186.66666,
      19.166668
    ],
    "66": [
      -28.0,
      45.0
    ],
    "67": [
      158.0,
      -27.0
    ],
    "68": [
      82.0,
      129.50002
    ],
    "77": [
      -22.0,
      62.0
    ],
    "78": [
      -28.0,
      79.0
    ],
    "79": [
      -28.0,
      96.0
    ],
    "81": [
      -117.66669,
      11.0
    ],
    "82": [
      -267.3333,
      19.0
    ],
    "84": [
      -184.0,
      11.0
    ],
    "88": [
      36.0,
      100.0
    ],
    "93": [
      15.5,
      -164.0
    ],
    "99": [
      41.430992,
      70.666664
    ],
    "111": [
      -104.5,
      11.5
    ],
    "112": [
      -93.5,
      -37.333344
    ],
    "113": [
      -213.33331,
      82.33333
    ],
    "116": [
      -109.33325,
      31.0
    ],
    "117": [
      -218.33334,
      31.0
    ],
    "118": [
      312.66666,
      31.666666
    ],
    "120": [
      108.0,
      -184.49998
    ],
    "123": [
      -150.0,
      50.0
    ],
    "125": [
      46.0,
      70.76433
    ],
    "136": [
      -166.0,
      11.5
    ],
    "138": [
      202.66667,
      9.333333
    ],
    "139": [
      202.66667,
      25.333336
    ],
    "142": [
      -60.0,
      -150.0
    ],
    "143": [
      0.16668701,
      -60.5
    ],
    "155": [
      460,
      15
    ],
    "160": [
      49,
      -37
    ],
    "161": [
      49,
      -34
    ],
    "173": [
      158.0,
      -50.0
    ],
    "178": [
      -35.0,
      62.0
    ],
    "186": [
      -218.33334,
      31.0
    ],
    "191": [
      100.0,
      -47.0
    ],
    "197": [
      114.0,
      -27.0
    ],
    "199": [
      114.0,
      -37.0
    ]
  },
  "guiScales": {
    "23": 0.25,
    "99": 0.14188188,
    "161": 0.15
  }
}