{"one_seven_visuals":{"panelIndex":0,"seen":true},"fps":{"x":94.0,"y":19.0,"panelIndex":1,"seen":true,"options":{"background_clr_nr":{"value":1543767044,"chroma_bl":true}}},"cps":{"x":56.0,"y":76.0,"panelIndex":2,"seen":true,"options":{"rightCLick_bl":true,"lineColor_clr_nr":{"value":-7237231},"background_clr_nr":{"value":1543767044,"chroma_bl":true}}},"skyblockAddons":{"skyblockAddons_enabled_bl":true,"panelIndex":25,"seen":true,"options":{"hideHealthBar_bl":true,"zealotCounterExplosiveBowSupport_bl":true,"zealotColorBoolean_bl":true,"zealotColor_clr_nr":{"value":156631039},"minimum_hotbar_item_rarity":"very_special","hideSvenPupNametags_bl":true,"ignoreItemFrameClicks_bl":true,"hideBones_bl":false,"preventMovementOnDeath_bl":true,"onlyMineOresDeepCaverns_bl":true,"onlyMineValuablesNether_bl":true,"backpackPreviewAh_bl":true,"cakeBagPreview_bl":true,"doubleWarp_bl":true,"warpAdvancedMode_bl":true,"disableEndermanTeleportionEffect_bl":true,"disableMagicalSoupMessages_bl":true},"skyBlockAddonsManaBarChild":{"x":39.0,"y":-29.0,"panelIndex":0,"seen":false},"skyBlockAddonsManaTextChild":{"x":39.0,"y":-33.0,"panelIndex":0,"seen":false},"skyBlockAddonsHealthBarChild":{"x":-39.0,"y":-29.0,"skyBlockAddonsHealthBarChild_enabled_bl":true,"panelIndex":0,"seen":false},"skyBlockAddonsHealthTextChild":{"x":-40.0,"y":-33.0,"panelIndex":0,"seen":false},"skyBlockAddonsDefenseIconChild":{"x":124.0,"y":0.5,"panelIndex":0,"seen":false,"options":{"scale_nr":"1.5"}},"skyBlockAddonsDefenseTextChild":{"x":120.0,"y":-2.0,"panelIndex":0,"seen":false},"skyBlockAddonsDefensePercentageChild":{"position":"bottom_center_left","x":-14.0,"y":-113.0,"skyBlockAddonsDefensePercentageChild_enabled_bl":false,"panelIndex":0,"seen":false},"skyBlockAddonsSpeedTextChild":{"position":"bottom_center_left","x":-122.86005,"y":0.5,"skyBlockAddonsSpeedTextChild_enabled_bl":true,"panelIndex":0,"seen":false},"skyblockAddonsBirchParkRainmaker":{"x":1.0,"y":45.0,"panelIndex":0,"seen":false},"skyblockAddonsdarkAuctionoTimer":{"position":"top_right","x":1.0,"y":11.0,"panelIndex":0,"seen":false},"skyblockAddonsEndstoneProtector":{"x":39.0,"y":-1.0,"panelIndex":0,"seen":false},"skyblockAddonsMagmaTimer":{"position":"top_right","x":1.0,"y":28.0,"panelIndex":0,"seen":false,"options":{"show_on_other_games_bl":true}},"skyBlockAddonsPowerOrbStausChild":{"position":"middle_left","y":-35.5,"panelIndex":0,"seen":false,"options":{"detailed_bl":true}},"skyblockAddonsBoneDisplay":{"x":-80.0,"y":26.0,"panelIndex":0,"seen":false},"skyblockAddonsSkillDisplay":{"position":"bottom_center_left","x":32.0,"y":-58.5,"panelIndex":0,"seen":false,"options":{"textColor_clr_nr":{"value":-11141291}}},"skyblockAddonsSummoningEyeCounter":{"position":"top_left","y":46.0,"skyblockAddonsSummoningEyeCounter_enabled_bl":true,"panelIndex":0,"seen":false},"skyblockAddonsTickerChargesDisplay":{"position":"bottom_center_left","x":-100.0,"y":-35.0,"panelIndex":0,"seen":false},"skyblockAddonsZealotCounter":{"y":14.0,"panelIndex":0,"seen":false},"skyblockAddonsZealotTotalCounter":{"y":-1.0,"skyblockAddonsZealotTotalCounter_enabled_bl":true,"panelIndex":0,"seen":false},"skyblockAddonsZealotPerEye":{"y":30.0,"skyblockAddonsZealotPerEye_enabled_bl":true,"panelIndex":0,"seen":false},"bait_list":{"y":40.0,"bait_list_enabled_bl":true,"panelIndex":0,"seen":false},"sba_feature_warning":{"position":"middle_center","y":22.0,"sba_feature_warning_enabled_bl":true,"panelIndex":0,"seen":false},"zealot_kills":38},"toggleSneak":{"position":"top_right","x":1.0,"panelIndex":3,"seen":true,"options":{"boost_amnt_nr":"8"}},"hypixel_mod":{"panelIndex":46,"seen":true,"options":{"auto_gg_bl":true,"level_head_bl":true}},"armorstatus":{"y":2.0,"panelIndex":5,"seen":false},"keystrokes":{"x":56.0,"y":19.0,"panelIndex":4,"seen":true,"options":{"textShadow_bl":true,"background_clr_nr":{"value":1543767044,"chroma_bl":true},"background_pressed_clr_nr":{"value":-1778384897}}},"coords":{"x":37.0,"y":95.0,"coords_enabled_bl":false,"panelIndex":7,"seen":true,"options":{"background_clr_nr":{"value":1543767044,"chroma_bl":true}}},"crosshair":{"panelIndex":6,"seen":true,"options":{"outline_bl":true,"size_nr":"3.0","gap_nr":"2.0"}},"potioneffects":{"y":0.5,"panelIndex":9,"seen":false},"directionhud":{"position":"bottom_right","x":0.5,"y":-3.5,"directionhud_enabled_bl":false,"panelIndex":11,"seen":true,"options":{"useLegacyStyle_bl":true}},"waypoints":{"waypoints_enabled_bl":false,"panelIndex":10,"seen":true,"options":{"add_waypoint_kb":"KEY_NONE"}},"scoreboard":{"panelIndex":12,"seen":true,"options":{"background_color_clr_nr":{"value":1543767044,"chroma_bl":true}}},"potion_counter":{"position":"top_left","x":113.0,"y":76.0,"panelIndex":8,"seen":false,"options":{"background_clr_nr":{"value":1543767044,"chroma_bl":true}}},"ping":{"x":18.0,"y":19.0,"panelIndex":14,"seen":false,"options":{"background_clr_nr":{"value":1543767044,"chroma_bl":true}}},"freelook":{"panelIndex":13,"seen":true},"motionBlur":{"panelIndex":16,"seen":true,"options":{"value_nr":"3"}},"scrollable_tooltips":{"panelIndex":15,"seen":true},"uhc_overlay":{"panelIndex":18,"seen":true,"options":{"gold_ingot_scale_nr":"2.5","gold_nugget_scale_nr":"2.5","gold_ore_scale_nr":"2.5","gold_apple_scale_nr":"2.5","skull_scale_nr":"2.5"}},"particleMultiplierMod":{"panelIndex":17,"seen":true,"options":{"alwaysShowEnchantedCrits_bl":true}},"cooldowns":{"position":"bottom_left","x":301.0,"y":1.5,"panelIndex":19,"seen":true},"worldedit_cui":{"panelIndex":21,"seen":false,"options":{"point1Color_clr_nr":{"value":-2080374529},"point2Color_clr_nr":{"value":1795096576}}},"clock":{"position":"top_left","x":-1.0,"y":38.0,"panelIndex":20,"seen":false,"options":{"background_clr_nr":{"value":1543767044,"chroma_bl":true}}},"stopwatch":{"position":"top_left","x":-1.0,"y":57.0,"panelIndex":30,"seen":true,"options":{"resetEveryStart_bl":false,"background_clr_nr":{"value":1543767044,"chroma_bl":true}}},"memory":{"position":"top_left","x":113.0,"y":57.0,"panelIndex":23,"seen":false,"options":{"background_clr_nr":{"value":1543767044,"chroma_bl":true}}},"combo":{"position":"top_left","x":113.0,"y":38.0,"panelIndex":26,"seen":true,"options":{"background_clr_nr":{"value":1543767044,"chroma_bl":true}}},"range":{"x":52.0,"panelIndex":27,"seen":true,"options":{"background_clr_nr":{"value":1543767044,"chroma_bl":true}}},"time_changer":{"time_changer_enabled_bl":false,"panelIndex":32,"seen":true,"options":{"time_nr":"-6000","horizon_y_level_nr":"0"}},"serverAddressMod":{"x":70.0,"y":66.0,"panelIndex":29,"seen":false,"options":{"background_clr_nr":{"value":1543767044,"chroma_bl":true}}},"saturation":{"position":"top_left","x":-1.0,"y":76.0,"panelIndex":34,"seen":true,"options":{"background_clr_nr":{"value":1543767044,"chroma_bl":true}}},"itemPhysic":{"panelIndex":38,"seen":true},"itemTrackerChild":{"y":69.0,"panelIndex":31,"seen":false,"options":{"shadow_bl":true,"skyblockOnly_bl":true}},"shinyPots":{"panelIndex":24,"seen":true,"options":{"colored_bl":true}},"block_outline":{"panelIndex":28,"seen":true,"options":{"block_outline_color_clr_nr":{"value":-16733526},"block_outline_width_nr":"1.17","block_overlay_bl":true}},"screenshot":{"panelIndex":33,"seen":true},"fov_mod":{"panelIndex":36,"seen":true},"textHotKey":{"textHotKey_enabled_bl":true,"panelIndex":22,"seen":true,"options":{"1_hk_hk":{"text":"/warp crypt","1_hk_hk_kblc":"KEY_V","1_hk_hk_kblc_shift":false,"1_hk_hk_kblc_control":false,"1_hk_hk_kblc_alt":false}}},"netgraph":{"panelIndex":35,"seen":true},"mumble-link":{"panelIndex":37,"seen":true},"bossbar":{"x":1.0,"panelIndex":40,"seen":true},"teamview":{"teamview_enabled_bl":false,"panelIndex":39,"seen":false}}